Data published in District Resource Statement,Data as of,Borough,Community District,DRS Medicaid (MA) Only Enrollees,DRS Total Medicaid (MA) Enrollees,DRS Cash Assistance (CA) Recipients,DRS Cash Assistance (CA) Cases,DRS Total Supplemental Nutrition Assistance Program (SNAP)  Recipients,DRS Total Supplemental Nutrition Assistance Program (SNAP)  Households
FY 2018,10/31/2017,BRONX,B01,16279,40120,13705,6969,45278,23824
FY 2018,10/31/2017,BRONX,B02,7630,20099,7287,3533,22827,12190
FY 2018,10/31/2017,BRONX,B03,13152,35870,13723,6957,41962,22174
FY 2018,10/31/2017,BRONX,B04,23563,52880,17572,8572,58305,31560
FY 2018,10/31/2017,BRONX,B05,20958,50149,18478,9284,57465,30631
FY 2018,10/31/2017,BRONX,B06,11672,34980,14754,6999,39543,20827
FY 2018,10/31/2017,BRONX,B07,21070,44801,13643,6816,47425,26043
FY 2018,10/31/2017,BRONX,B08,9640,17255,3270,1701,16481,9766
FY 2018,10/31/2017,BRONX,B09,23919,50207,14204,6967,53482,28919
FY 2018,10/31/2017,BRONX,B10,9870,17999,3738,1917,17508,10571
FY 2018,10/31/2017,BRONX,B11,13815,26204,5904,3097,24042,13770
FY 2018,10/31/2017,BRONX,B12,17424,38228,12559,6304,37245,20228
FY 2018,10/31/2017,BROOKLYN,K01,35314,49515,6336,2683,51872,20254
FY 2018,10/31/2017,BROOKLYN,K02,7296,14199,3386,2096,13703,9019
FY 2018,10/31/2017,BROOKLYN,K03,21546,41401,10929,5902,45304,24086
FY 2018,10/31/2017,BROOKLYN,K04,16011,27263,5090,2760,26003,15412
FY 2018,10/31/2017,BROOKLYN,K05,27635,55861,14902,7893,62817,34852
FY 2018,10/31/2017,BROOKLYN,K06,5722,10534,1822,1058,9856,6363
FY 2018,10/31/2017,BROOKLYN,K07,27545,35925,3647,1884,23106,13102
FY 2018,10/31/2017,BROOKLYN,K08,10876,21644,6271,3613,21407,13399
FY 2018,10/31/2017,BROOKLYN,K09,14646,23153,4626,2610,21118,12507
FY 2018,10/31/2017,BROOKLYN,K10,18951,25232,2351,1213,17098,9699
FY 2018,10/31/2017,BROOKLYN,K11,34247,48910,3992,2017,37470,21513
FY 2018,10/31/2017,BROOKLYN,K12,52525,70448,9793,2638,62727,20395
FY 2018,10/31/2017,BROOKLYN,K13,16431,35407,5063,2488,32615,21036
FY 2018,10/31/2017,BROOKLYN,K14,25016,38323,5637,2931,32870,18674
FY 2018,10/31/2017,BROOKLYN,K15,21536,34558,3624,1796,28439,17227
FY 2018,10/31/2017,BROOKLYN,K16,12395,32018,11848,6159,36341,20002
FY 2018,10/31/2017,BROOKLYN,K17,20771,34750,8563,4669,30808,18866
FY 2018,10/31/2017,BROOKLYN,K18,20200,32227,5958,3186,27660,16306
FY 2018,10/31/2017,MANHATTAN,M01,1640,3160,728,649,2259,1758
FY 2018,10/31/2017,MANHATTAN,M02,3140,4521,371,282,3123,2456
FY 2018,10/31/2017,MANHATTAN,M03,25670,44879,6232,4022,37624,25065
FY 2018,10/31/2017,MANHATTAN,M04,6269,12914,3089,2040,11530,8661
FY 2018,10/31/2017,MANHATTAN,M05,1787,4872,2008,1306,4325,3272
FY 2018,10/31/2017,MANHATTAN,M06,3381,5942,1068,854,4902,4206
FY 2018,10/31/2017,MANHATTAN,M07,8950,18070,3773,2517,16494,12320
FY 2018,10/31/2017,MANHATTAN,M08,4959,7948,823,565,5537,4405
FY 2018,10/31/2017,MANHATTAN,M09,12256,23720,5273,3270,22990,14820
FY 2018,10/31/2017,MANHATTAN,M10,14211,31705,9218,5579,34211,21322
FY 2018,10/31/2017,MANHATTAN,M11,18491,40954,9883,6163,43054,26344
FY 2018,10/31/2017,MANHATTAN,M12,29044,50848,7076,4359,48826,32439
FY 2018,10/31/2017,QUEENS,Q01,22124,32119,3992,2308,22469,13296
FY 2018,10/31/2017,QUEENS,Q02,16505,20385,1514,952,10776,6688
FY 2018,10/31/2017,QUEENS,Q03,34108,41612,2939,1785,26144,14802
FY 2018,10/31/2017,QUEENS,Q04,36263,44722,2941,1816,27182,15465
FY 2018,10/31/2017,QUEENS,Q05,18046,24298,2200,1307,18709,10642
FY 2018,10/31/2017,QUEENS,Q06,9269,14043,889,572,10168,6967
FY 2018,10/31/2017,QUEENS,Q07,38925,50427,3680,2344,26273,17076
FY 2018,10/31/2017,QUEENS,Q08,18087,25962,3143,2013,17850,10481
FY 2018,10/31/2017,QUEENS,Q09,20800,29119,3321,1916,22675,12653
FY 2018,10/31/2017,QUEENS,Q10,15029,21037,2538,1455,16035,9399
FY 2018,10/31/2017,QUEENS,Q11,10026,12820,759,506,6367,4291
FY 2018,10/31/2017,QUEENS,Q12,29281,48384,10542,6113,44610,26336
FY 2018,10/31/2017,QUEENS,Q13,17201,25443,3898,2399,19291,12170
FY 2018,10/31/2017,QUEENS,Q14,12623,29892,7701,3782,28610,15448
FY 2018,10/31/2017,STATEN ISLAND,S01,19667,39029,11224,5351,37785,19722
FY 2018,10/31/2017,STATEN ISLAND,S02,12830,19034,2391,1317,14022,8268
FY 2018,10/31/2017,STATEN ISLAND,S03,8889,12665,1287,737,9798,6203
FY 2019,10/31/2018,BRONX,B01,15688,40274,13191,6836,44062,23462
FY 2019,10/31/2018,BRONX,B02,7063,19941,6820,3417,21832,11822
FY 2019,10/31/2018,BRONX,B03,13373,36595,12881,6625,40865,21917
FY 2019,10/31/2018,BRONX,B04,21358,51043,16475,8205,56613,30779
FY 2019,10/31/2018,BRONX,B05,18811,48275,17357,8786,54561,29565
FY 2019,10/31/2018,BRONX,B06,11122,35053,14124,6801,38792,20588
FY 2019,10/31/2018,BRONX,B07,18167,42001,13346,6843,45424,25465
FY 2019,10/31/2018,BRONX,B08,9205,16868,3283,1723,15917,9525
FY 2019,10/31/2018,BRONX,B09,22051,48742,14023,6877,51984,28267
FY 2019,10/31/2018,BRONX,B10,9647,17797,3639,1909,17467,10586
FY 2019,10/31/2018,BRONX,B11,12262,24614,5899,3150,23506,13595
FY 2019,10/31/2018,BRONX,B12,14250,35952,12815,6332,36775,20042
FY 2019,10/31/2018,BROOKLYN,K01,36246,49635,6580,2553,51302,20131
FY 2019,10/31/2018,BROOKLYN,K02,6947,13822,3162,1946,13371,8954
FY 2019,10/31/2018,BROOKLYN,K03,20105,40043,10165,5255,43587,23295
FY 2019,10/31/2018,BROOKLYN,K04,12513,23206,4392,2423,24325,14624
FY 2019,10/31/2018,BROOKLYN,K05,25850,54408,14542,7491,62270,34916
FY 2019,10/31/2018,BROOKLYN,K06,5287,10207,1859,1080,9841,6487
FY 2019,10/31/2018,BROOKLYN,K07,23320,30917,3089,1787,21613,12516
FY 2019,10/31/2018,BROOKLYN,K08,9003,19799,5398,3143,20353,12867
FY 2019,10/31/2018,BROOKLYN,K09,11524,19983,4154,2427,20368,12243
FY 2019,10/31/2018,BROOKLYN,K10,17490,23077,1881,1171,16689,9629
FY 2019,10/31/2018,BROOKLYN,K11,32692,45933,3259,1906,35985,20927
FY 2019,10/31/2018,BROOKLYN,K12,51432,68038,9651,2454,60831,19744
FY 2019,10/31/2018,BROOKLYN,K13,16159,34596,4886,2456,31706,20880
FY 2019,10/31/2018,BROOKLYN,K14,20942,33316,4669,2638,31123,17985
FY 2019,10/31/2018,BROOKLYN,K15,21117,33451,3074,1650,27911,17055
FY 2019,10/31/2018,BROOKLYN,K16,11947,33004,11683,5767,36584,20156
FY 2019,10/31/2018,BROOKLYN,K17,14936,28948,7715,4403,29989,18635
FY 2019,10/31/2018,BROOKLYN,K18,17551,29594,5323,2869,27558,16446
FY 2019,10/31/2018,MANHATTAN,M01,1570,2987,669,507,2172,1736
FY 2019,10/31/2018,MANHATTAN,M02,2763,3909,317,263,2995,2356
FY 2019,10/31/2018,MANHATTAN,M03,24579,42866,6225,4001,36605,24772
FY 2019,10/31/2018,MANHATTAN,M04,5985,12678,2979,2108,11648,8747
FY 2019,10/31/2018,MANHATTAN,M05,1684,6193,2622,1524,5689,3840
FY 2019,10/31/2018,MANHATTAN,M06,2969,5568,1075,865,4985,4331
FY 2019,10/31/2018,MANHATTAN,M07,8362,17204,3549,2382,16199,12133
FY 2019,10/31/2018,MANHATTAN,M08,4233,7028,862,604,5522,4404
FY 2019,10/31/2018,MANHATTAN,M09,10389,21494,5020,3092,21984,14362
FY 2019,10/31/2018,MANHATTAN,M10,12556,29876,9078,5457,32893,20847
FY 2019,10/31/2018,MANHATTAN,M11,17039,39464,10250,6114,42146,26194
FY 2019,10/31/2018,MANHATTAN,M12,25560,45769,6939,4384,46269,31363
FY 2019,10/31/2018,QUEENS,Q01,18893,27850,4144,2338,21981,13116
FY 2019,10/31/2018,QUEENS,Q02,13506,16872,1637,1062,10662,6672
FY 2019,10/31/2018,QUEENS,Q03,27597,33649,2797,1713,24705,14090
FY 2019,10/31/2018,QUEENS,Q04,30304,36999,2717,1724,25592,14754
FY 2019,10/31/2018,QUEENS,Q05,16306,21479,2101,1302,17728,10314
FY 2019,10/31/2018,QUEENS,Q06,9193,13193,835,547,9955,6884
FY 2019,10/31/2018,QUEENS,Q07,37198,46420,3550,2351,25683,16817
FY 2019,10/31/2018,QUEENS,Q08,17119,24025,3119,1913,17232,10350
FY 2019,10/31/2018,QUEENS,Q09,18269,25512,3125,1879,21586,12337
FY 2019,10/31/2018,QUEENS,Q10,12976,18524,2497,1442,15844,9430
FY 2019,10/31/2018,QUEENS,Q11,10353,12610,751,507,6304,4288
FY 2019,10/31/2018,QUEENS,Q12,25994,44448,10145,5886,43300,25944
FY 2019,10/31/2018,QUEENS,Q13,15293,23024,3726,2310,18898,11962
FY 2019,10/31/2018,QUEENS,Q14,13055,29729,8201,3688,28651,15411
FY 2019,10/31/2018,STATEN ISLAND,S01,17773,37833,10975,5160,36803,19401
FY 2019,10/31/2018,STATEN ISLAND,S02,12267,18359,2343,1319,13796,8234
FY 2019,10/31/2018,STATEN ISLAND,S03,8888,12435,1214,747,9781,6215
FY 2020,10/31/2019,BRONX,B01,13614,37538,12642,6708,41647,22620
FY 2020,10/31/2019,BRONX,B02,6165,18517,6486,3345,20330,11248
FY 2020,10/31/2019,BRONX,B03,11745,34668,12487,6612,39127,21438
FY 2020,10/31/2019,BRONX,B04,18457,46573,15038,7820,51512,28822
FY 2020,10/31/2019,BRONX,B05,16137,44086,16044,8256,50447,27675
FY 2020,10/31/2019,BRONX,B06,9762,33149,13220,6628,36896,20018
FY 2020,10/31/2019,BRONX,B07,15986,38951,12647,6693,42216,24265
FY 2020,10/31/2019,BRONX,B08,8332,15745,3149,1671,15053,9105
FY 2020,10/31/2019,BRONX,B09,19644,45348,13313,6758,48769,27037
FY 2020,10/31/2019,BRONX,B10,8646,16697,3629,1915,16726,10284
FY 2020,10/31/2019,BRONX,B11,10986,22800,5528,2992,22165,13028
FY 2020,10/31/2019,BRONX,B12,12565,33577,12268,6132,34982,19260
FY 2020,10/31/2019,BROOKLYN,K01,32584,45503,6554,2513,49149,19483
FY 2020,10/31/2019,BROOKLYN,K02,6331,12969,2975,1854,12666,8545
FY 2020,10/31/2019,BROOKLYN,K03,17775,36751,9694,5097,41267,22328
FY 2020,10/31/2019,BROOKLYN,K04,10549,20662,4010,2247,22230,13661
FY 2020,10/31/2019,BROOKLYN,K05,22485,49973,13928,7318,59271,34047
FY 2020,10/31/2019,BROOKLYN,K06,4761,9604,1928,1183,9783,6519
FY 2020,10/31/2019,BROOKLYN,K07,18896,26187,2795,1673,19420,11596
FY 2020,10/31/2019,BROOKLYN,K08,7987,18080,4882,2930,18755,12162
FY 2020,10/31/2019,BROOKLYN,K09,10116,18171,3889,2317,19156,11736
FY 2020,10/31/2019,BROOKLYN,K10,15085,20561,1804,1148,15813,9427
FY 2020,10/31/2019,BROOKLYN,K11,28503,41081,2996,1796,32991,19799
FY 2020,10/31/2019,BROOKLYN,K12,45024,60658,9500,2448,58031,18791
FY 2020,10/31/2019,BROOKLYN,K13,14824,32574,4760,2430,30154,20217
FY 2020,10/31/2019,BROOKLYN,K14,18298,29758,4263,2461,28094,16796
FY 2020,10/31/2019,BROOKLYN,K15,19101,30741,2926,1640,25896,16331
FY 2020,10/31/2019,BROOKLYN,K16,10222,30802,11355,5672,35122,19838
FY 2020,10/31/2019,BROOKLYN,K17,13218,26724,7320,4365,27874,17953
FY 2020,10/31/2019,BROOKLYN,K18,15551,27356,5209,2838,26542,16011
FY 2020,10/31/2019,MANHATTAN,M01,1421,2856,710,558,2188,1769
FY 2020,10/31/2019,MANHATTAN,M02,2430,3490,315,276,2696,2201
FY 2020,10/31/2019,MANHATTAN,M03,21544,39209,6078,3996,35031,24086
FY 2020,10/31/2019,MANHATTAN,M04,5455,12026,2929,2125,11334,8510
FY 2020,10/31/2019,MANHATTAN,M05,1593,6167,2542,1547,5424,3731
FY 2020,10/31/2019,MANHATTAN,M06,2917,5405,1031,854,4929,4260
FY 2020,10/31/2019,MANHATTAN,M07,7806,16233,3326,2324,15410,11599
FY 2020,10/31/2019,MANHATTAN,M08,4001,6609,785,573,5292,4211
FY 2020,10/31/2019,MANHATTAN,M09,8940,19419,4710,2967,20503,13547
FY 2020,10/31/2019,MANHATTAN,M10,10778,26635,7930,4952,29595,19097
FY 2020,10/31/2019,MANHATTAN,M11,14883,36567,9793,5976,39590,24933
FY 2020,10/31/2019,MANHATTAN,M12,21797,40599,6252,4097,42273,29176
FY 2020,10/31/2019,QUEENS,Q01,16352,25103,3865,2283,20890,12612
FY 2020,10/31/2019,QUEENS,Q02,11619,15245,1651,1073,9850,6266
FY 2020,10/31/2019,QUEENS,Q03,23842,29673,2518,1604,21578,12540
FY 2020,10/31/2019,QUEENS,Q04,25968,32509,2529,1648,22990,13515
FY 2020,10/31/2019,QUEENS,Q05,14085,18906,1875,1199,16386,9678
FY 2020,10/31/2019,QUEENS,Q06,8357,12188,753,529,9386,6659
FY 2020,10/31/2019,QUEENS,Q07,32845,42132,3524,2388,24665,16398
FY 2020,10/31/2019,QUEENS,Q08,15445,22177,2835,1816,16370,10048
FY 2020,10/31/2019,QUEENS,Q09,15574,22371,2893,1813,19418,11382
FY 2020,10/31/2019,QUEENS,Q10,11202,16634,2233,1359,14660,8934
FY 2020,10/31/2019,QUEENS,Q11,9259,11514,768,531,6420,4367
FY 2020,10/31/2019,QUEENS,Q12,23031,41105,9492,5682,40591,24923
FY 2020,10/31/2019,QUEENS,Q13,13614,21239,3600,2326,17962,11641
FY 2020,10/31/2019,QUEENS,Q14,11727,27828,7641,3517,27257,14897
FY 2020,10/31/2019,STATEN ISLAND,S01,15714,35082,10705,5036,34581,18443
FY 2020,10/31/2019,STATEN ISLAND,S02,11385,17435,2375,1336,13632,8127
FY 2020,10/31/2019,STATEN ISLAND,S03,8215,11813,1254,759,9489,6108
FY 2021,10/31/2020,BRONX,B01,13067,38162,14087,7569,46995,25624
FY 2021,10/31/2020,BRONX,B02,6035,18663,7019,3650,23031,12780
FY 2021,10/31/2020,BRONX,B03,11212,35431,14245,7597,44880,24619
FY 2021,10/31/2020,BRONX,B04,17724,46670,16450,8562,57847,32323
FY 2021,10/31/2020,BRONX,B05,15506,44433,17373,9086,56538,31196
FY 2021,10/31/2020,BRONX,B06,9522,33831,14533,7379,40793,22315
FY 2021,10/31/2020,BRONX,B07,15644,39403,13764,7425,48327,27789
FY 2021,10/31/2020,BRONX,B08,8029,16084,3824,2046,18378,10981
FY 2021,10/31/2020,BRONX,B09,19083,46640,15743,7992,56508,31193
FY 2021,10/31/2020,BRONX,B10,8631,17366,4384,2341,20079,12138
FY 2021,10/31/2020,BRONX,B11,10669,23227,6627,3536,26108,15174
FY 2021,10/31/2020,BRONX,B12,12396,34799,14168,7148,40668,22425
FY 2021,10/31/2020,BROOKLYN,K01,31203,45098,7598,3125,52638,21671
FY 2021,10/31/2020,BROOKLYN,K02,6081,13113,3624,2254,14346,9793
FY 2021,10/31/2020,BROOKLYN,K03,17072,36860,11081,5957,45933,25508
FY 2021,10/31/2020,BROOKLYN,K04,10211,20592,4623,2693,25495,16157
FY 2021,10/31/2020,BROOKLYN,K05,22049,50477,15945,8485,67294,38992
FY 2021,10/31/2020,BROOKLYN,K06,4743,10078,2465,1527,11483,7570
FY 2021,10/31/2020,BROOKLYN,K07,17267,24923,3361,2040,21655,13108
FY 2021,10/31/2020,BROOKLYN,K08,7659,17901,5590,3411,20721,13798
FY 2021,10/31/2020,BROOKLYN,K09,9864,18387,4525,2728,21854,13577
FY 2021,10/31/2020,BROOKLYN,K10,14319,20409,2405,1441,18409,10950
FY 2021,10/31/2020,BROOKLYN,K11,26958,40131,3609,2108,36631,21814
FY 2021,10/31/2020,BROOKLYN,K12,42579,59148,10562,2845,61981,20428
FY 2021,10/31/2020,BROOKLYN,K13,14553,32443,5582,2903,32371,21655
FY 2021,10/31/2020,BROOKLYN,K14,17486,29421,5135,2975,31844,19035
FY 2021,10/31/2020,BROOKLYN,K15,18239,30186,3478,1943,28429,17807
FY 2021,10/31/2020,BROOKLYN,K16,10020,31443,12829,6574,39279,22533
FY 2021,10/31/2020,BROOKLYN,K17,12989,27421,8603,5136,32564,21016
FY 2021,10/31/2020,BROOKLYN,K18,15125,27522,5998,3375,31175,18908
FY 2021,10/31/2020,MANHATTAN,M01,1410,2771,681,513,2267,1770
FY 2021,10/31/2020,MANHATTAN,M02,2396,3537,436,349,2970,2411
FY 2021,10/31/2020,MANHATTAN,M03,20665,38958,7330,4769,37728,25896
FY 2021,10/31/2020,MANHATTAN,M04,5565,12487,3724,2675,13077,9822
FY 2021,10/31/2020,MANHATTAN,M05,1627,6325,2948,1916,6155,4320
FY 2021,10/31/2020,MANHATTAN,M06,2935,5774,1533,1231,5519,4732
FY 2021,10/31/2020,MANHATTAN,M07,7651,16573,4291,2940,17218,12752
FY 2021,10/31/2020,MANHATTAN,M08,4156,6933,1088,773,6005,4675
FY 2021,10/31/2020,MANHATTAN,M09,8726,19673,5601,3550,23100,15204
FY 2021,10/31/2020,MANHATTAN,M10,10675,26660,8799,5564,32003,20701
FY 2021,10/31/2020,MANHATTAN,M11,14730,37005,11372,6984,43609,27395
FY 2021,10/31/2020,MANHATTAN,M12,21008,40317,7604,4956,47002,32278
FY 2021,10/31/2020,QUEENS,Q01,15880,25650,4910,2942,24707,14872
FY 2021,10/31/2020,QUEENS,Q02,11168,15294,2071,1312,11638,7298
FY 2021,10/31/2020,QUEENS,Q03,22399,28833,3228,2044,25421,14578
FY 2021,10/31/2020,QUEENS,Q04,24548,31923,3461,2165,27178,15760
FY 2021,10/31/2020,QUEENS,Q05,13650,19143,2567,1615,20094,11774
FY 2021,10/31/2020,QUEENS,Q06,8428,12520,1057,695,10818,7399
FY 2021,10/31/2020,QUEENS,Q07,31720,42103,4587,2976,28227,18445
FY 2021,10/31/2020,QUEENS,Q08,15006,22298,3476,2128,19197,11465
FY 2021,10/31/2020,QUEENS,Q09,15203,22855,3857,2313,23766,13645
FY 2021,10/31/2020,QUEENS,Q10,10931,16852,2926,1729,17564,10501
FY 2021,10/31/2020,QUEENS,Q11,9032,11551,1000,640,7627,5013
FY 2021,10/31/2020,QUEENS,Q12,22580,42083,11296,6658,47381,28564
FY 2021,10/31/2020,QUEENS,Q13,13545,22118,4625,2928,22315,14062
FY 2021,10/31/2020,QUEENS,Q14,11527,28238,8554,4069,30586,16721
FY 2021,10/31/2020,STATEN ISLAND,S01,15288,36042,11906,5644,39339,20848
FY 2021,10/31/2020,STATEN ISLAND,S02,11317,17962,2787,1522,15906,9241
FY 2021,10/31/2020,STATEN ISLAND,S03,8147,12338,1709,1006,11365,7070
FY 2022,10/31/2021,BRONX,B01,15099,38302,12891,6820,45551,25203
FY 2022,10/31/2021,BRONX,B02,7007,19251,6709,3402,22604,12670
FY 2022,10/31/2021,BRONX,B03,13103,35381,12845,6871,43339,24281
FY 2022,10/31/2021,BRONX,B04,19760,46129,14923,7799,56813,32391
FY 2022,10/31/2021,BRONX,B05,17494,43928,15660,8123,55012,30984
FY 2022,10/31/2021,BRONX,B06,11404,34199,13710,6865,40296,22227
FY 2022,10/31/2021,BRONX,B07,17099,39277,12879,6879,47904,27853
FY 2022,10/31/2021,BRONX,B08,8289,16018,3626,1945,18365,11173
FY 2022,10/31/2021,BRONX,B09,21058,47351,14925,7457,56251,31424
FY 2022,10/31/2021,BRONX,B10,9364,17879,4324,2311,20537,12504
FY 2022,10/31/2021,BRONX,B11,11550,23661,6440,3403,26514,15562
FY 2022,10/31/2021,BRONX,B12,14566,36344,14082,7051,40888,22740
FY 2022,10/31/2021,BROOKLYN,K01,30398,43647,7274,2821,51034,20981
FY 2022,10/31/2021,BROOKLYN,K02,6538,13283,3562,2151,14054,9630
FY 2022,10/31/2021,BROOKLYN,K03,18492,36711,10322,5400,43931,24526
FY 2022,10/31/2021,BROOKLYN,K04,10861,20557,4404,2515,24529,15685
FY 2022,10/31/2021,BROOKLYN,K05,24420,51312,15142,7785,65022,37933
FY 2022,10/31/2021,BROOKLYN,K06,5062,10463,2585,1508,11424,7499
FY 2022,10/31/2021,BROOKLYN,K07,16603,24100,3468,2126,21824,13505
FY 2022,10/31/2021,BROOKLYN,K08,8751,18020,5057,2993,19718,13095
FY 2022,10/31/2021,BROOKLYN,K09,10614,18444,4093,2444,20831,13022
FY 2022,10/31/2021,BROOKLYN,K10,14031,19849,2468,1461,18320,11040
FY 2022,10/31/2021,BROOKLYN,K11,25464,37978,3442,2009,36870,22016
FY 2022,10/31/2021,BROOKLYN,K12,40862,57286,10764,2798,60402,20227
FY 2022,10/31/2021,BROOKLYN,K13,14829,31677,5301,2668,31786,21129
FY 2022,10/31/2021,BROOKLYN,K14,17923,29159,4859,2798,31418,18751
FY 2022,10/31/2021,BROOKLYN,K15,17827,29040,3193,1766,27944,17531
FY 2022,10/31/2021,BROOKLYN,K16,11857,32269,12275,6277,37790,22012
FY 2022,10/31/2021,BROOKLYN,K17,15001,28763,8289,4962,31891,20780
FY 2022,10/31/2021,BROOKLYN,K18,16470,28062,5728,3183,29909,18520
FY 2022,10/31/2021,MANHATTAN,M01,1502,2702,533,374,2144,1616
FY 2022,10/31/2021,MANHATTAN,M02,2430,3478,415,341,3002,2432
FY 2022,10/31/2021,MANHATTAN,M03,20626,38090,7063,4480,37643,25706
FY 2022,10/31/2021,MANHATTAN,M04,6385,13342,3832,2748,13375,10128
FY 2022,10/31/2021,MANHATTAN,M05,1916,5761,2378,1635,5230,3996
FY 2022,10/31/2021,MANHATTAN,M06,3251,5879,1342,1051,5254,4441
FY 2022,10/31/2021,MANHATTAN,M07,8398,17210,4492,3044,17412,12928
FY 2022,10/31/2021,MANHATTAN,M08,4513,7422,1280,890,6223,4871
FY 2022,10/31/2021,MANHATTAN,M09,9306,19647,5321,3280,22711,14972
FY 2022,10/31/2021,MANHATTAN,M10,12009,27079,8406,5221,31276,20314
FY 2022,10/31/2021,MANHATTAN,M11,15904,37665,11522,6855,43307,27277
FY 2022,10/31/2021,MANHATTAN,M12,21778,40151,7063,4536,47271,32499
FY 2022,10/31/2021,QUEENS,Q01,16330,25660,4507,2709,24378,14991
FY 2022,10/31/2021,QUEENS,Q02,11268,15060,1856,1200,11751,7448
FY 2022,10/31/2021,QUEENS,Q03,22371,28505,2962,1885,25170,14720
FY 2022,10/31/2021,QUEENS,Q04,24487,31568,3249,2051,27615,16178
FY 2022,10/31/2021,QUEENS,Q05,13912,19149,2502,1574,20011,11974
FY 2022,10/31/2021,QUEENS,Q06,8496,12451,1005,671,10988,7517
FY 2022,10/31/2021,QUEENS,Q07,30960,41206,4518,2929,29709,19542
FY 2022,10/31/2021,QUEENS,Q08,15115,22092,3164,1904,19280,11548
FY 2022,10/31/2021,QUEENS,Q09,15634,23059,3795,2254,23967,14010
FY 2022,10/31/2021,QUEENS,Q10,11403,16767,2578,1555,17543,10674
FY 2022,10/31/2021,QUEENS,Q11,8907,11469,1048,668,8087,5306
FY 2022,10/31/2021,QUEENS,Q12,24893,43422,10601,6094,45787,27752
FY 2022,10/31/2021,QUEENS,Q13,14604,22813,4500,2773,22056,13957
FY 2022,10/31/2021,QUEENS,Q14,13140,28369,7526,3548,29788,16406
FY 2022,10/31/2021,STATEN ISLAND,S01,17021,36596,11403,5395,38428,20650
FY 2022,10/31/2021,STATEN ISLAND,S02,11621,17979,2745,1486,16092,9321
FY 2022,10/31/2021,STATEN ISLAND,S03,8325,12413,1687,976,11389,7142
FY 2023,10/31/2022,BRONX,B01,11787,36789,15304,8243,44997,25290
FY 2023,10/31/2022,BRONX,B02,5746,18445,7567,3923,22661,12875
FY 2023,10/31/2022,BRONX,B03,10622,34826,15322,8263,43273,24411
FY 2023,10/31/2022,BRONX,B04,15581,44576,18208,9651,56755,32759
FY 2023,10/31/2022,BRONX,B05,13915,43077,18953,10071,54468,31171
FY 2023,10/31/2022,BRONX,B06,9256,33909,15890,8058,39881,22201
FY 2023,10/31/2022,BRONX,B07,14205,38917,15596,8444,48684,28487
FY 2023,10/31/2022,BRONX,B08,7096,15608,4548,2483,18580,11290
FY 2023,10/31/2022,BRONX,B09,17649,46093,17331,8876,56167,31486
FY 2023,10/31/2022,BRONX,B10,8472,17634,5100,2782,20645,12644
FY 2023,10/31/2022,BRONX,B11,10014,23315,7654,4137,26671,15641
FY 2023,10/31/2022,BRONX,B12,12665,36517,16319,8262,41240,23011
FY 2023,10/31/2022,BROOKLYN,K01,24987,39821,8860,3772,50838,20980
FY 2023,10/31/2022,BROOKLYN,K02,5195,12625,4129,2619,13930,9564
FY 2023,10/31/2022,BROOKLYN,K03,15098,35232,12258,6568,43824,24176
FY 2023,10/31/2022,BROOKLYN,K04,8991,18968,4818,2804,23573,15193
FY 2023,10/31/2022,BROOKLYN,K05,19868,49276,17933,9643,64426,37873
FY 2023,10/31/2022,BROOKLYN,K06,3996,9690,2975,1728,10632,7006
FY 2023,10/31/2022,BROOKLYN,K07,12840,20973,4228,2538,22434,13926
FY 2023,10/31/2022,BROOKLYN,K08,7279,17589,6611,4206,19343,12969
FY 2023,10/31/2022,BROOKLYN,K09,9124,17600,4912,2991,21120,13182
FY 2023,10/31/2022,BROOKLYN,K10,10993,17383,2967,1773,19195,11587
FY 2023,10/31/2022,BROOKLYN,K11,20009,33581,4510,2616,39825,23571
FY 2023,10/31/2022,BROOKLYN,K12,33060,50844,12039,3326,63232,21154
FY 2023,10/31/2022,BROOKLYN,K13,12688,30763,6833,3610,33267,22063
FY 2023,10/31/2022,BROOKLYN,K14,15192,27527,5968,3467,32546,19351
FY 2023,10/31/2022,BROOKLYN,K15,14447,26741,4267,2338,29950,18524
FY 2023,10/31/2022,BROOKLYN,K16,9418,31660,13956,7408,36536,21554
FY 2023,10/31/2022,BROOKLYN,K17,13442,28776,9752,5874,31953,21030
FY 2023,10/31/2022,BROOKLYN,K18,14478,27211,6786,3829,29621,18479
FY 2023,10/31/2022,MANHATTAN,M01,1472,2512,465,331,1965,1511
FY 2023,10/31/2022,MANHATTAN,M02,2016,3094,493,379,2966,2374
FY 2023,10/31/2022,MANHATTAN,M03,16236,34902,8645,5511,38360,26183
FY 2023,10/31/2022,MANHATTAN,M04,5523,12819,4544,3149,13300,9989
FY 2023,10/31/2022,MANHATTAN,M05,1713,4786,2511,1629,4265,3493
FY 2023,10/31/2022,MANHATTAN,M06,3192,6495,2321,1746,5487,4560
FY 2023,10/31/2022,MANHATTAN,M07,7626,16760,5107,3443,17139,12644
FY 2023,10/31/2022,MANHATTAN,M08,4322,7431,1551,1054,6448,4960
FY 2023,10/31/2022,MANHATTAN,M09,7848,18871,6174,3857,22750,15027
FY 2023,10/31/2022,MANHATTAN,M10,9577,26141,10158,6379,31038,20239
FY 2023,10/31/2022,MANHATTAN,M11,12827,36385,13929,8535,43169,27243
FY 2023,10/31/2022,MANHATTAN,M12,18563,38238,8993,5762,47651,32856
FY 2023,10/31/2022,QUEENS,Q01,13366,24095,5694,3304,24394,14959
FY 2023,10/31/2022,QUEENS,Q02,9522,13593,2180,1431,11525,7475
FY 2023,10/31/2022,QUEENS,Q03,18791,25472,3439,2153,24973,14773
FY 2023,10/31/2022,QUEENS,Q04,20883,28719,3740,2363,27842,16550
FY 2023,10/31/2022,QUEENS,Q05,11701,18053,3368,2094,20584,12290
FY 2023,10/31/2022,QUEENS,Q06,7578,11836,1259,828,11547,7811
FY 2023,10/31/2022,QUEENS,Q07,26597,37913,5494,3564,32606,21573
FY 2023,10/31/2022,QUEENS,Q08,13089,20678,3727,2213,20365,12236
FY 2023,10/31/2022,QUEENS,Q09,13377,21878,4710,2777,24905,14487
FY 2023,10/31/2022,QUEENS,Q10,9859,15835,3173,1869,17802,10888
FY 2023,10/31/2022,QUEENS,Q11,7628,10480,1296,808,9004,5889
FY 2023,10/31/2022,QUEENS,Q12,22260,43184,12649,7241,47031,28293
FY 2023,10/31/2022,QUEENS,Q13,13183,22345,5200,3198,22102,14026
FY 2023,10/31/2022,QUEENS,Q14,10876,28066,9491,4577,29277,16299
FY 2023,10/31/2022,STATEN ISLAND,S01,14015,35301,12993,6288,39378,21052
FY 2023,10/31/2022,STATEN ISLAND,S02,9923,16950,3427,1883,17209,9984
FY 2023,10/31/2022,STATEN ISLAND,S03,7424,12066,2266,1318,12614,7804
